INSERT INTO vets VALUES (1, 'James', 'Carter');
INSERT INTO vets VALUES (2, 'Helen', 'Leary');
INSERT INTO vets VALUES (3, 'Linda', 'Douglas');
INSERT INTO vets VALUES (4, 'Rafael', 'Ortega');
INSERT INTO vets VALUES (5, 'Henry', 'Stevens');
INSERT INTO vets VALUES (6, 'Sharon', 'Jenkins');

INSERT INTO specialties VALUES (1, 'radiology');
INSERT INTO specialties VALUES (2, 'surgery');
INSERT INTO specialties VALUES (3, 'dentistry');

INSERT INTO vet_specialties VALUES (2, 1);
INSERT INTO vet_specialties VALUES (3, 2);
INSERT INTO vet_specialties VALUES (3, 3);
INSERT INTO vet_specialties VALUES (4, 2);
INSERT INTO vet_specialties VALUES (5, 1);

INSERT INTO types VALUES (1, 'cat');
INSERT INTO types VALUES (2, 'dog');
INSERT INTO types VALUES (3, 'lizard');
INSERT INTO types VALUES (4, 'snake');
INSERT INTO types VALUES (5, 'bird');
INSERT INTO types VALUES (6, 'hamster');

INSERT INTO keywords VALUES(1,'graubünden,maienfeld,schweiz,spring',4);
INSERT INTO keywords VALUES(2,'gates,iron,maienfeld,schweiz,wrought',5);
INSERT INTO keywords VALUES(3,'barn,building,entrance,exterior,farm,graubuenden,graubünden,maienfeld,raised,schweiz,spring,stairs,stairway,timber,twin,valley,village,wooden,¨rhine',19);
INSERT INTO keywords VALUES(4,'graubünden,maienfeld,schweiz',3);
INSERT INTO keywords VALUES(5,'alps,barn,blue sky,building,europe,exterior,graubuenden,graubünden,maienfeld,outdoors,quaint,rural,scenic,spring,street,sunshine,switzerland,town,village',19);

INSERT INTO albums VALUES (1, 'Texture', 0, 762);
INSERT INTO albums VALUES (2, 'Bettina', 0, 10152);
INSERT INTO albums VALUES (3, 'Cats', 0, 7577);
INSERT INTO albums VALUES (4, 'Wildlife', 0, 9191);
INSERT INTO albums VALUES (5, 'Slides',0,771);

INSERT INTO folders VALUES (1, 'January', 5, 762);
INSERT INTO folders VALUES (2, 'March', 10, 10152);
INSERT INTO folders VALUES (3, 'June', 15, 7577);
INSERT INTO folders VALUES (4, 'July', 15, 9191);
INSERT INTO folders VALUES (5, 'October',15,771);

INSERT INTO picture_file VALUES (7152,  'https://drive.google.com/uc?export=view&id=1JMOyeB6aNetfKhLCYFiPVD7H-nwoEPpH', 'Blank', '2020-05-26', 1, 1, 1, 1, '2020-05-26', '2020-05-26', 1, 1, 1, 0);
INSERT INTO picture_file VALUES (10137, 'https://drive.google.com/uc?export=view&id=1rAVH68YQQe2ZBZaBRqNlyIP6ruTqnrDV', 'Null', '2020-12-22', 1, 2, 1, 1, '2020-12-22', '2020-12-22', 1, 1, 1, 0);
INSERT INTO picture_file VALUES (7573,  'https://drive.google.com/uc?export=view&id=1JMOyeB6aNetfKhLCYFiPVD7H-nwoEPpH', 'Amber-eyed ginger tomcat called Belis, portrait of face in sunlight', '2020-05-26', 1, 1, 1, 466, '2020-05-26', '2020-05-26', 1, 1, 1, 0);
INSERT INTO picture_file VALUES (12059, 'https://drive.google.com/uc?export=view&id=1rAVH68YQQe2ZBZaBRqNlyIP6ruTqnrDV', 'Bufo bufo, common toad in Breton garden', '2020-05-26', 1, 1, 1, 4952, '2020-05-26', '2020-05-26', 1, 1, 1, 0);
INSERT INTO picture_file VALUES (12057, 'https://drive.google.com/uc?export=view&id=1JMOyeB6aNetfKhLCYFiPVD7H-nwoEPpH', 'Midwife toad carrying eggs in Breton garden, France', '2020-05-26', 1, 1, 1, 4950, '2020-05-26', '2020-05-26', 1, 1, 1, 0);
INSERT INTO picture_file VALUES (7364,  'https://drive.google.com/uc?export=view&id=1rAVH68YQQe2ZBZaBRqNlyIP6ruTqnrDV', 'Null', '2021-01-13', 1, 1, 1, 1, '2021-01-13', '2021-01-13', 1, 1, 1, 0);
INSERT INTO picture_file VALUES (7491,  'https://drive.google.com/uc?export=view&id=1JMOyeB6aNetfKhLCYFiPVD7H-nwoEPpH', 'Null', '2021-01-12', 1, 2, 1, 1, '2021-01-12', '2021-01-12', 1, 1, 1, 0);
INSERT INTO picture_file VALUES (7502,  'https://drive.google.com/uc?export=view&id=1JMOyeB6aNetfKhLCYFiPVD7H-nwoEPpH', 'Null', '2020-12-25', 1, 3, 1, 1, '2020-12-25', '2020-12-25', 1, 1, 1, 0);
INSERT INTO picture_file VALUES (7506,  'https://drive.google.com/uc?export=view&id=1JMOyeB6aNetfKhLCYFiPVD7H-nwoEPpH', 'Null', '2021-01-05', 1, 4, 1, 1, '2021-01-05', '2021-01-05', 1, 1, 1, 0);
INSERT INTO picture_file VALUES (7577,  'https://drive.google.com/uc?export=view&id=1JMOyeB6aNetfKhLCYFiPVD7H-nwoEPpH', 'Amber-eyed ginger tomcat called Belis, portrait of face in sunlight', '2020-05-26', 1, 1, 1, 470, '2020-05-26', '2020-05-26', 1, 1, 1, 0);
INSERT INTO picture_file VALUES (7589,  'https://drive.google.com/uc?export=view&id=1JMOyeB6aNetfKhLCYFiPVD7H-nwoEPpH', 'Tabby cats named Tietz on Swiss garden lawn, portrait of face', '2020-05-26', 1, 5, 1, 482, '2020-05-26', '2020-05-26', 1, 1, 1, 0);
INSERT INTO picture_file VALUES (7755,  'https://drive.google.com/uc?export=view&id=1JMOyeB6aNetfKhLCYFiPVD7H-nwoEPpH', 'Flower', '2020-05-26', 1, 1, 1, 1, '2020-05-26', '2020-05-26', 1, 1, 1, 0);
INSERT INTO picture_file VALUES (7787,  'https://drive.google.com/uc?export=view&id=1JMOyeB6aNetfKhLCYFiPVD7H-nwoEPpH', 'Euproctis sp., hairy tussock-moth caterpillar in Swiss garden', '2020-05-26', 1, 1, 1, 680, '2020-05-26', '2020-05-26', 1, 1, 1, 0);
INSERT INTO picture_file VALUES (7806,  'https://drive.google.com/uc?export=view&id=1JMOyeB6aNetfKhLCYFiPVD7H-nwoEPpH', 'Flower', '2020-05-26', 1, 1, 1, 1, '2020-05-26', '2020-05-26', 1, 1, 1, 0);
INSERT INTO picture_file VALUES (7812,  'https://drive.google.com/uc?export=view&id=1JMOyeB6aNetfKhLCYFiPVD7H-nwoEPpH', 'Anas platyrhynchos, mallard with ducklings swimming in group', '2020-05-26', 1, 1, 1, 705, '2020-05-26', '2020-05-26', 1, 1, 1, 0);
INSERT INTO picture_file VALUES (7909,  'https://drive.google.com/uc?export=view&id=1JMOyeB6aNetfKhLCYFiPVD7H-nwoEPpH', 'Male sand lizard basking on garden wall, Walenstadt, Swiss Alps', '2020-05-26', 1, 1, 1, 802, '2020-05-26', '2020-05-26', 1, 1, 1, 0);
INSERT INTO picture_file VALUES (8177,  'https://drive.google.com/uc?export=view&id=1JMOyeB6aNetfKhLCYFiPVD7H-nwoEPpH', 'Playful tabby cat lying on garden lawn with belly exposed', '2020-05-26', 1, 1, 1, 1, '2020-05-26', '2020-05-26', 1, 1, 1, 0);
INSERT INTO picture_file VALUES (8427,  'https://drive.google.com/uc?export=view&id=1JMOyeB6aNetfKhLCYFiPVD7H-nwoEPpH', 'Null', '2020-12-05', 1, 1, 1, 1, '2020-12-05', '2020-12-05', 1, 1, 1, 0);
INSERT INTO picture_file VALUES (8700,  'https://drive.google.com/uc?export=view&id=1JMOyeB6aNetfKhLCYFiPVD7H-nwoEPpH', 'Null', '2021-01-13', 1, 1, 1, 1, '2021-01-13', '2021-01-13', 1, 1, 1, 0);
INSERT INTO picture_file VALUES (8795,  'https://drive.google.com/uc?export=view&id=1JMOyeB6aNetfKhLCYFiPVD7H-nwoEPpH', 'Peacock butterfly on clover, Swiss cottage garden', '2020-05-26', 1, 1, 1, 1688, '2020-05-26', '2020-05-26', 1, 1, 1, 0);
INSERT INTO picture_file VALUES (9000,  'https://drive.google.com/uc?export=view&id=1JMOyeB6aNetfKhLCYFiPVD7H-nwoEPpH', 'Ginger tomcat resting on lawn in Swiss cottage garden', '2020-05-26', 1, 1, 1, 1, '2020-05-26', '2020-05-26', 1, 1, 1, 0);
INSERT INTO picture_file VALUES (9005,  'https://drive.google.com/uc?export=view&id=1JMOyeB6aNetfKhLCYFiPVD7H-nwoEPpH', 'Tettigonia viridissima, great green bush cricket on garden fence, Berschis, Switzerland', '2020-05-01', 1, 1, 1, 1898, '2020-05-26', '2020-05-26', 1, 1, 1, 0);
INSERT INTO picture_file VALUES (9051,  'https://drive.google.com/uc?export=view&id=1JMOyeB6aNetfKhLCYFiPVD7H-nwoEPpH', 'Ginger cat scouting in Swiss cottage garden', '2020-05-26', 1, 1, 1, 1, '2020-05-26', '2020-05-26', 1, 1, 1, 0);
INSERT INTO picture_file VALUES (9153,  'https://drive.google.com/uc?export=view&id=1JMOyeB6aNetfKhLCYFiPVD7H-nwoEPpH', 'Araneus diadematus, face of garden spider in closeup, showing eyes, fangs and irritated expression', '2020-05-01', 1, 1, 1, 2046, '2020-05-26', '2020-05-26', 1, 1, 1, 0);
INSERT INTO picture_file VALUES (9191,  'https://drive.google.com/uc?export=view&id=1JMOyeB6aNetfKhLCYFiPVD7H-nwoEPpH', 'Misumena vatia, yellow crab spider lurking in Swiss cottage garden', '2020-05-26', 1, 1, 1, 2084, '2020-05-26', '2020-05-26', 1, 1, 1, 0);
INSERT INTO picture_file VALUES (9258,  'https://drive.google.com/uc?export=view&id=1JMOyeB6aNetfKhLCYFiPVD7H-nwoEPpH', 'Grey tabby queen on concrete slab, Berschis, Switzerland', '2020-05-26', 1, 1, 1, 2151, '2020-05-26', '2020-05-26', 1, 1, 1, 0);
INSERT INTO picture_file VALUES (9244,  'https://drive.google.com/uc?export=view&id=1JMOyeB6aNetfKhLCYFiPVD7H-nwoEPpH', 'Tabby queen surrendering to the birds, Swiss garden lawn', '2020-05-26', 1, 1, 1, 2137, '2020-05-26', '2020-05-26', 1, 1, 1, 0);
INSERT INTO picture_file VALUES (9419,  'https://drive.google.com/uc?export=view&id=1JMOyeB6aNetfKhLCYFiPVD7H-nwoEPpH', 'Blank', '2020-05-26', 1, 1, 1, 1, '2020-05-26', '2020-05-26', 1, 1, 1, 0);
INSERT INTO picture_file VALUES (9630,  'https://drive.google.com/uc?export=view&id=1JMOyeB6aNetfKhLCYFiPVD7H-nwoEPpH', 'Blank', '2020-05-26', 1, 1, 1, 1, '2020-05-26', '2020-05-26', 1, 1, 1, 0);
INSERT INTO picture_file VALUES (9627,  'https://drive.google.com/uc?export=view&id=1JMOyeB6aNetfKhLCYFiPVD7H-nwoEPpH', 'Blank', '2020-05-26', 1, 1, 1, 1, '2020-05-26', '2020-05-26', 1, 1, 1, 0);
INSERT INTO picture_file VALUES (9731,  'https://drive.google.com/uc?export=view&id=1JMOyeB6aNetfKhLCYFiPVD7H-nwoEPpH', 'Tegenaria sp.', '2020-05-26', 1, 1, 1, 1, '2020-05-26', '2020-05-26', 1, 1, 1, 0);
INSERT INTO picture_file VALUES (9771,  'https://drive.google.com/uc?export=view&id=1JMOyeB6aNetfKhLCYFiPVD7H-nwoEPpH', 'Lacerta agilis, Male sand lizard basking, Swiss village of Berschis', '2020-05-26', 1, 1, 1, 2664, '2020-05-26', '2020-05-26', 1, 1, 1, 0);
INSERT INTO picture_file VALUES (9750,  'https://drive.google.com/uc?export=view&id=1JMOyeB6aNetfKhLCYFiPVD7H-nwoEPpH', 'Blank', '2020-05-26', 1, 1, 1, 1, '2020-05-26', '2020-05-26', 1, 1, 1, 0);
INSERT INTO picture_file VALUES (9813,  'https://drive.google.com/uc?export=view&id=1JMOyeB6aNetfKhLCYFiPVD7H-nwoEPpH', 'Lacerta agilis, Male sand lizard basking, Swiss village of Berschis', '2020-05-26', 1, 1, 1, 2706, '2020-05-26', '2020-05-26', 1, 1, 1, 0);
INSERT INTO picture_file VALUES (10152, 'https://drive.google.com/uc?export=view&id=1JMOyeB6aNetfKhLCYFiPVD7H-nwoEPpH', 'Blank', '2020-05-26', 1, 1, 1, 1, '2020-05-26', '2020-05-26', 1, 1, 1, 0);
INSERT INTO picture_file VALUES (10340, 'https://drive.google.com/uc?export=view&id=1JMOyeB6aNetfKhLCYFiPVD7H-nwoEPpH', 'Blank', '2020-05-26', 1, 1, 1, 1, '2020-05-26', '2020-05-26', 1, 1, 1, 0);
INSERT INTO picture_file VALUES (9950,  'https://drive.google.com/uc?export=view&id=1JMOyeB6aNetfKhLCYFiPVD7H-nwoEPpH', 'Cup lichens on alpine stone wall, Swiss village of Berschis', '2020-05-26', 1, 1, 1, 2843, '2020-05-26', '2020-05-26', 1, 1, 1, 0);
INSERT INTO picture_file VALUES (7572,  'https://drive.google.com/uc?export=view&id=1JMOyeB6aNetfKhLCYFiPVD7H-nwoEPpH', 'Amber-eyed ginger tomcat called Belis, portrait of face in sunlight', '2020-05-26', 1, 1, 1, 465, '2020-05-26', '2020-05-26', 1, 1, 1, 0);
INSERT INTO picture_file VALUES (745,   'https://drive.google.com/uc?export=view&id=1JMOyeB6aNetfKhLCYFiPVD7H-nwoEPpH', 'Ammonite fossils in the paving stone of the Piazza Erbe in Verona', '2020-05-25', 1, 4, 1, 1, '2020-05-25', '2020-05-25', 1, 1, 1, 0);
INSERT INTO picture_file VALUES (7210,  'https://drive.google.com/uc?export=view&id=1JMOyeB6aNetfKhLCYFiPVD7H-nwoEPpH', 'View from Säntis', '2020-05-26', 1, 1, 1, 1, '2020-05-26', '2020-05-26', 1, 1, 1, 0);
INSERT INTO picture_file VALUES (7231,  'https://drive.google.com/uc?export=view&id=1JMOyeB6aNetfKhLCYFiPVD7H-nwoEPpH', 'View of morning clouds from above, shot from Säntis in the Swiss Alps', '2020-05-26', 1, 1, 1, 124, '2020-05-26', '2020-05-26', 1, 1, 1, 0);
INSERT INTO picture_file VALUES (7574,  'https://drive.google.com/uc?export=view&id=1rAVH68YQQe2ZBZaBRqNlyIP6ruTqnrDV', 'Amber-eyed ginger tomcat called Belis, portrait of face in sunlight', '2020-05-26', 1, 5, 1, 467, '2020-05-26', '2020-05-26', 1, 1, 1, 0);
INSERT INTO picture_file VALUES (7575,  'https://drive.google.com/uc?export=view&id=1JMOyeB6aNetfKhLCYFiPVD7H-nwoEPpH', 'Amber-eyed ginger tomcat called Belis, portrait of face in sunlight', '2020-05-26', 1, 5, 1, 468, '2020-05-26', '2020-05-26', 1, 1, 1, 0);
INSERT INTO picture_file VALUES (7576,  'https://drive.google.com/uc?export=view&id=1rAVH68YQQe2ZBZaBRqNlyIP6ruTqnrDV', 'Amber-eyed ginger tomcat called Belis, portrait of face in sunlight', '2020-05-26', 1, 5, 1, 469, '2020-05-26', '2020-05-26', 1, 1, 1, 0);
INSERT INTO picture_file VALUES (7578,  'https://drive.google.com/uc?export=view&id=1JMOyeB6aNetfKhLCYFiPVD7H-nwoEPpH', 'Amber-eyed ginger tomcat called Belis, portrait of face in sunlight', '2020-05-26', 1, 5, 1, 471, '2020-05-26', '2020-05-26', 1, 1, 1, 0);
INSERT INTO picture_file VALUES (7579,  'https://drive.google.com/uc?export=view&id=1rAVH68YQQe2ZBZaBRqNlyIP6ruTqnrDV', 'Amber-eyed ginger tomcat called Belis, portrait of face in sunlight', '2020-05-26', 1, 5, 1, 472, '2020-05-26', '2020-05-26', 1, 1, 1, 0);
INSERT INTO picture_file VALUES (7580,  'https://drive.google.com/uc?export=view&id=1JMOyeB6aNetfKhLCYFiPVD7H-nwoEPpH', 'Amber-eyed ginger tomcat called Belis, portrait of face in sunlight', '2020-05-26', 1, 5, 1, 473, '2020-05-26', '2020-05-26', 1, 1, 1, 0);
INSERT INTO picture_file VALUES (7581,  'https://drive.google.com/uc?export=view&id=1rAVH68YQQe2ZBZaBRqNlyIP6ruTqnrDV', 'Amber-eyed ginger tomcat called Belis, portrait of face in sunlight', '2020-05-26', 1, 1, 1, 474, '2020-05-26', '2020-05-26', 1, 1, 1, 0);
INSERT INTO picture_file VALUES (7582,  'https://drive.google.com/uc?export=view&id=1JMOyeB6aNetfKhLCYFiPVD7H-nwoEPpH', 'Amber-eyed ginger tomcat called Belis, portrait of face in sunlight', '2020-05-26', 1, 1, 1, 475, '2020-05-26', '2020-05-26', 1, 1, 1, 0);
INSERT INTO picture_file VALUES (7583,  'https://drive.google.com/uc?export=view&id=1JMOyeB6aNetfKhLCYFiPVD7H-nwoEPpH', 'Amber-eyed ginger tomcat called Belis, portrait of face in sunlight', '2020-05-26', 1, 1, 1, 476, '2020-05-26', '2020-05-26', 1, 1, 1, 0);
INSERT INTO picture_file VALUES (7584,  'https://drive.google.com/uc?export=view&id=1JMOyeB6aNetfKhLCYFiPVD7H-nwoEPpH', 'Amber-eyed ginger tomcat called Belis, portrait of face in sunlight', '2020-05-26', 1, 1, 1, 477, '2020-05-26', '2020-05-26', 1, 1, 1, 0);
INSERT INTO picture_file VALUES (7585,  'https://drive.google.com/uc?export=view&id=1JMOyeB6aNetfKhLCYFiPVD7H-nwoEPpH', 'Amber-eyed ginger tomcat called Belis, portrait of face in sunlight', '2020-05-26', 1, 1, 1, 478, '2020-05-26', '2020-05-26', 1, 1, 1, 0);
INSERT INTO picture_file VALUES (7586,  'https://drive.google.com/uc?export=view&id=1JMOyeB6aNetfKhLCYFiPVD7H-nwoEPpH', 'Amber-eyed ginger tomcat called Belis, portrait of face in sunlight', '2020-05-26', 1, 1, 1, 479, '2020-05-26', '2020-05-26', 1, 1, 1, 0);
INSERT INTO picture_file VALUES (7587,  'https://drive.google.com/uc?export=view&id=1JMOyeB6aNetfKhLCYFiPVD7H-nwoEPpH', 'Amber-eyed ginger tomcat called Belis, portrait of face in sunlight', '2020-05-26', 1, 1, 1, 480, '2020-05-26', '2020-05-26', 1, 1, 1, 0);
INSERT INTO picture_file VALUES (7588,  'https://drive.google.com/uc?export=view&id=1JMOyeB6aNetfKhLCYFiPVD7H-nwoEPpH', 'Tabby cats named Tietz on Swiss garden lawn, portrait of face', '2020-05-26', 1, 1, 1, 481, '2020-05-26', '2020-05-26', 1, 1, 1, 0);
INSERT INTO picture_file VALUES (7590,  'https://drive.google.com/uc?export=view&id=1JMOyeB6aNetfKhLCYFiPVD7H-nwoEPpH', 'Tabby cats named Tietz on Swiss garden lawn, portrait of face', '2020-05-26', 1, 1, 1, 483, '2020-05-26', '2020-05-26', 1, 1, 1, 0);
INSERT INTO picture_file VALUES (7591,  'https://drive.google.com/uc?export=view&id=1JMOyeB6aNetfKhLCYFiPVD7H-nwoEPpH', 'Tabby cats named Tietz on Swiss garden lawn, portrait of face', '2020-05-26', 1, 1, 1, 484, '2020-05-26', '2020-05-26', 1, 1, 1, 0);
INSERT INTO picture_file VALUES (7592,  'https://drive.google.com/uc?export=view&id=1JMOyeB6aNetfKhLCYFiPVD7H-nwoEPpH', 'Tabby cats named Tietz on Swiss garden lawn, portrait of face', '2020-05-26', 1, 1, 1, 485, '2020-05-26', '2020-05-26', 1, 1, 1, 0);
INSERT INTO picture_file VALUES (7906,  'https://drive.google.com/uc?export=view&id=1JMOyeB6aNetfKhLCYFiPVD7H-nwoEPpH', 'Male sand lizard basking on garden wall, Walenstadt, Swiss Alps', '2020-05-26', 1, 1, 1, 799, '2020-05-26', '2020-05-26', 1, 1, 1, 0);
INSERT INTO picture_file VALUES (7907,  'https://drive.google.com/uc?export=view&id=1JMOyeB6aNetfKhLCYFiPVD7H-nwoEPpH', 'Male sand lizard basking on garden wall, Walenstadt, Swiss Alps', '2020-05-26', 1, 1, 1, 800, '2020-05-26', '2020-05-26', 1, 1, 1, 0);
INSERT INTO picture_file VALUES (7908,  'https://drive.google.com/uc?export=view&id=1JMOyeB6aNetfKhLCYFiPVD7H-nwoEPpH', 'Male sand lizard basking on garden wall, Walenstadt, Swiss Alps', '2020-05-26', 1, 1, 1, 801, '2020-05-26', '2020-05-26', 1, 1, 1, 0);
INSERT INTO picture_file VALUES (7910,  'https://drive.google.com/uc?export=view&id=1JMOyeB6aNetfKhLCYFiPVD7H-nwoEPpH', 'Male sand lizard basking on garden wall, Walenstadt, Swiss Alps', '2020-05-26', 1, 1, 1, 803, '2020-05-26', '2020-05-26', 1, 1, 1, 0);
INSERT INTO picture_file VALUES (7912,  'https://drive.google.com/uc?export=view&id=1JMOyeB6aNetfKhLCYFiPVD7H-nwoEPpH', 'Male sand lizard basking on garden wall, Walenstadt, Swiss Alps', '2020-05-26', 1, 1, 1, 805, '2020-05-26', '2020-05-26', 1, 1, 1, 0);
INSERT INTO picture_file VALUES (7913,  'https://drive.google.com/uc?export=view&id=1JMOyeB6aNetfKhLCYFiPVD7H-nwoEPpH', 'Male sand lizard basking on garden wall, Walenstadt, Swiss Alps', '2020-05-26', 1, 1, 1, 806, '2020-05-26', '2020-05-26', 1, 1, 1, 0);
INSERT INTO picture_file VALUES (7914,  'https://drive.google.com/uc?export=view&id=1JMOyeB6aNetfKhLCYFiPVD7H-nwoEPpH', 'Male sand lizard basking on garden wall, Walenstadt, Swiss Alps', '2020-05-26', 1, 1, 1, 807, '2020-05-26', '2020-05-26', 1, 1, 1, 0);
INSERT INTO picture_file VALUES (7915,  'https://drive.google.com/uc?export=view&id=1JMOyeB6aNetfKhLCYFiPVD7H-nwoEPpH', 'Male sand lizard basking on garden wall, Walenstadt, Swiss Alps', '2020-05-26', 1, 1, 1, 808, '2020-05-26', '2020-05-26', 1, 1, 1, 0);
INSERT INTO picture_file VALUES (7916,  'https://drive.google.com/uc?export=view&id=1JMOyeB6aNetfKhLCYFiPVD7H-nwoEPpH', 'Male sand lizard basking on garden wall, Walenstadt, Swiss Alps', '2020-05-26', 1, 1, 1, 809, '2020-05-26', '2020-05-26', 1, 1, 1, 0);
INSERT INTO picture_file VALUES (7917,  'https://drive.google.com/uc?export=view&id=1JMOyeB6aNetfKhLCYFiPVD7H-nwoEPpH', 'Male sand lizard basking on garden wall, Walenstadt, Swiss Alps', '2020-05-26', 1, 1, 1, 810, '2020-05-26', '2020-05-26', 1, 1, 1, 0);
INSERT INTO picture_file VALUES (7918,  'https://drive.google.com/uc?export=view&id=1JMOyeB6aNetfKhLCYFiPVD7H-nwoEPpH', 'Blank', '2020-05-26', 1, 1, 1, 1, '2020-05-26', '2020-05-26', 1, 1, 1, 0);
INSERT INTO picture_file VALUES (7919,  'https://drive.google.com/uc?export=view&id=1JMOyeB6aNetfKhLCYFiPVD7H-nwoEPpH', 'Male sand lizard basking on garden wall, Walenstadt, Swiss Alps', '2020-05-26', 1, 1, 1, 812, '2020-05-26', '2020-05-26', 1, 1, 1, 0);
INSERT INTO picture_file VALUES (7920,  'https://drive.google.com/uc?export=view&id=1JMOyeB6aNetfKhLCYFiPVD7H-nwoEPpH', 'Male sand lizard basking on garden wall, Walenstadt, Swiss Alps', '2020-05-26', 1, 1, 1, 813, '2020-05-26', '2020-05-26', 1, 1, 1, 0);
INSERT INTO picture_file VALUES (7921,  'https://drive.google.com/uc?export=view&id=1JMOyeB6aNetfKhLCYFiPVD7H-nwoEPpH', 'Male sand lizard basking on garden wall, Walenstadt, Swiss Alps', '2020-05-26', 1, 1, 1, 814, '2020-05-26', '2020-05-26', 1, 1, 1, 0);
INSERT INTO picture_file VALUES (753,   'https://drive.google.com/uc?export=view&id=1JMOyeB6aNetfKhLCYFiPVD7H-nwoEPpH', 'Scabiosa lucida; mauve alpine flower in Swiss meadow with visiting fly', '2020-05-25', 1, 1, 1, 1, '2020-05-25', '2020-05-25', 1, 1, 1, 0);
INSERT INTO picture_file VALUES (754,   'https://drive.google.com/uc?export=view&id=1JMOyeB6aNetfKhLCYFiPVD7H-nwoEPpH', 'Scabiosa lucida; mauve alpine flower in Swiss meadow with visiting fly', '2020-05-25', 1, 1, 1, 1, '2020-05-25', '2020-05-25', 1, 1, 1, 0);
INSERT INTO picture_file VALUES (779,   'https://drive.google.com/uc?export=view&id=1JMOyeB6aNetfKhLCYFiPVD7H-nwoEPpH', 'Pyrrhocorax graculus; Alpine or yellow-billed chough on Säntis, Appenzell', '2020-05-25', 1, 1, 1, 41, '2020-05-25', '2020-05-25', 1, 1, 1, 0);
INSERT INTO picture_file VALUES (36860, 'https://drive.google.com/uc?export=view&id=1JMOyeB6aNetfKhLCYFiPVD7H-nwoEPpH', 'Bush cricket hopper on Californian poppy bloom, garden in the Swiss Alps', '2020-06-11', 1, 1, 1, 29753, '2020-06-11', '2020-06-11', 1, 1, 1, 0);
INSERT INTO picture_file VALUES (34918, 'https://drive.google.com/uc?export=view&id=1JMOyeB6aNetfKhLCYFiPVD7H-nwoEPpH', 'Sunset over the Churfirsten in the Swiss Alps', '2020-06-10', 1, 1, 1, 1, '2020-06-10', '2020-06-10', 1, 1, 1, 0);
INSERT INTO picture_file VALUES (35002, 'https://drive.google.com/uc?export=view&id=1JMOyeB6aNetfKhLCYFiPVD7H-nwoEPpH', 'Atmospheric inversion in the Swiss Rhine valley trapping a sea of fog seen from the Gonzen', '2020-06-10', 1, 1, 1, 1, '2020-06-10', '2020-06-10', 1, 1, 1, 0);
INSERT INTO picture_file VALUES (31938, 'https://drive.google.com/uc?export=view&id=1JMOyeB6aNetfKhLCYFiPVD7H-nwoEPpH', 'Caumsee, jewel of the Grisons, Swiss Alps', '2020-06-09', 1, 1, 1, 24831, '2020-06-09', '2020-06-09', 1, 1, 1, 0);
INSERT INTO picture_file VALUES (27110, 'https://drive.google.com/uc?export=view&id=1JMOyeB6aNetfKhLCYFiPVD7H-nwoEPpH', 'Sonogno. village above Locarno in the Valle Versasca, Ticino', '2020-06-08', 1, 1, 1, 20003, '2020-06-08', '2020-06-08', 1, 1, 1, 0);
INSERT INTO picture_file VALUES (36938, 'https://drive.google.com/uc?export=view&id=1JMOyeB6aNetfKhLCYFiPVD7H-nwoEPpH', 'Null', '2020-06-11', 1, 1, 1, 1, '2020-06-11', '2020-06-11', 1, 1, 1, 0);
INSERT INTO picture_file VALUES (36442, 'https://drive.google.com/uc?export=view&id=1JMOyeB6aNetfKhLCYFiPVD7H-nwoEPpH', 'Moon waxing gibbous over the Hoher Kasten, Swiss Alps', '2020-06-10', 1, 1, 1, 29335, '2020-06-10', '2020-06-10', 1, 1, 1, 0);
INSERT INTO picture_file VALUES (36524, 'https://drive.google.com/uc?export=view&id=1JMOyeB6aNetfKhLCYFiPVD7H-nwoEPpH', 'Canal at dawn, Rüthi SG in the Swiss Rhine valley', '2020-06-10', 1, 1, 1, 29417, '2020-06-10', '2020-06-10', 1, 1, 1, 0);
INSERT INTO picture_file VALUES (36288, 'https://drive.google.com/uc?export=view&id=1JMOyeB6aNetfKhLCYFiPVD7H-nwoEPpH', 'The Middle Bridge in Basel on a clear day in Autumn', '2020-06-10', 1, 1, 1, 1, '2020-06-10', '2020-06-10', 1, 1, 1, 0);
INSERT INTO picture_file VALUES (34929, 'https://drive.google.com/uc?export=view&id=1JMOyeB6aNetfKhLCYFiPVD7H-nwoEPpH', 'Sunset over the vineyards at Heiligkreuz, Switzerland', '2020-06-10', 1, 1, 1, 27822, '2020-06-10', '2020-06-10', 1, 1, 1, 0);
INSERT INTO picture_file VALUES (36267, 'https://drive.google.com/uc?export=view&id=1JMOyeB6aNetfKhLCYFiPVD7H-nwoEPpH', 'The Basel Minster, gothic/romanesque landmark in the Swiss city on the Rhine', '2020-06-10', 1, 1, 1, 29160, '2020-06-10', '2020-06-10', 1, 1, 1, 0);
INSERT INTO picture_file VALUES (34926, 'https://drive.google.com/uc?export=view&id=1JMOyeB6aNetfKhLCYFiPVD7H-nwoEPpH', 'Vineyards at Heiligkreuz, Mels, in the Swiss Alps', '2020-06-10', 1, 1, 1, 27819, '2020-06-10', '2020-06-10', 1, 1, 1, 0);
INSERT INTO picture_file VALUES (34898, 'https://drive.google.com/uc?export=view&id=1JMOyeB6aNetfKhLCYFiPVD7H-nwoEPpH', 'Blank', '2020-06-10', 1, 1, 1, 1, '2020-06-10', '2020-06-10', 1, 1, 1, 0);
INSERT INTO picture_file VALUES (35345, 'https://drive.google.com/uc?export=view&id=1JMOyeB6aNetfKhLCYFiPVD7H-nwoEPpH', 'Patterns in river ice on the Rhine at Sargans', '2020-06-10', 1, 1, 1, 1, '2020-06-10', '2020-06-10', 1, 1, 1, 0);
INSERT INTO picture_file VALUES (35379, 'https://drive.google.com/uc?export=view&id=1JMOyeB6aNetfKhLCYFiPVD7H-nwoEPpH', 'View into the Swiss Rhein valley and Liechtenstein from the Gonzen', '2020-06-10', 1, 1, 1, 1, '2020-06-10', '2020-06-10', 1, 1, 1, 0);
INSERT INTO picture_file VALUES (35376, 'https://drive.google.com/uc?export=view&id=1JMOyeB6aNetfKhLCYFiPVD7H-nwoEPpH', 'View into the Swiss Rhein valley and Liechtenstein from the Gonzen', '2020-06-10', 1, 1, 1, 1, '2020-06-10', '2020-06-10', 1, 1, 1, 0);
INSERT INTO picture_file VALUES (34995, 'https://drive.google.com/uc?export=view&id=1JMOyeB6aNetfKhLCYFiPVD7H-nwoEPpH', 'Atmospheric inversion in the Swiss Rhine valley trapping a sea of fog seen from the Gonzen', '2020-06-10', 1, 1, 1, 1, '2020-06-10', '2020-06-10', 1, 1, 1, 0);
INSERT INTO picture_file VALUES (34914, 'https://drive.google.com/uc?export=view&id=1JMOyeB6aNetfKhLCYFiPVD7H-nwoEPpH', 'Sunburst over the Churfirsten at evening, Siwss Alps between Sargans and Walenstadt', '2020-06-10', 1, 1, 1, 27807, '2020-06-10', '2020-06-10', 1, 1, 1, 0);
INSERT INTO picture_file VALUES (36542, 'https://drive.google.com/uc?export=view&id=1JMOyeB6aNetfKhLCYFiPVD7H-nwoEPpH', 'Blank', '2020-06-10', 1, 1, 1, 1, '2020-06-10', '2020-06-10', 1, 1, 1, 0);
INSERT INTO picture_file VALUES (36983, 'https://drive.google.com/uc?export=view&id=1JMOyeB6aNetfKhLCYFiPVD7H-nwoEPpH', 'Null', '2020-06-11', 1, 1, 1, 1, '2020-06-11', '2020-06-11', 1, 1, 1, 0);
INSERT INTO picture_file VALUES (8020,  'https://drive.google.com/uc?export=view&id=1JMOyeB6aNetfKhLCYFiPVD7H-nwoEPpH', 'Cepaea nemoralis, banded snail in Swiss cottage garden', '2020-05-26', 1, 1, 1, 913, '2020-05-26', '2020-05-26', 1, 1, 1, 0);
INSERT INTO picture_file VALUES (36780, 'https://drive.google.com/uc?export=view&id=1JMOyeB6aNetfKhLCYFiPVD7H-nwoEPpH', 'Tulips in Berschis', '2020-06-11', 1, 1, 1, 1, '2020-06-11', '2020-06-11', 1, 1, 1, 0);
INSERT INTO picture_file VALUES (36769, 'https://drive.google.com/uc?export=view&id=1JMOyeB6aNetfKhLCYFiPVD7H-nwoEPpH', 'Fire lily in Swiss garden, Valle Versasca, Ticino', '2020-06-11', 1, 1, 1, 29662, '2020-06-11', '2020-06-11', 1, 1, 1, 0);

INSERT INTO albumcontent VALUES(133,1,36860);
INSERT INTO albumcontent VALUES(131,1,35002);
INSERT INTO albumcontent VALUES(132,1,36542);
INSERT INTO albumcontent VALUES(3,2,7152);
INSERT INTO albumcontent VALUES(4,1,10137);
INSERT INTO albumcontent VALUES(5,3,7573);
INSERT INTO albumcontent VALUES(6,4,12059);
INSERT INTO albumcontent VALUES(7,4,12057);
INSERT INTO albumcontent VALUES(8,4,7364);
INSERT INTO albumcontent VALUES(9,2,7491);
INSERT INTO albumcontent VALUES(10,2,7502);
INSERT INTO albumcontent VALUES(11,2,7506);
INSERT INTO albumcontent VALUES(12,3,7577);
INSERT INTO albumcontent VALUES(13,3,7589);
INSERT INTO albumcontent VALUES(14,4,7755);
INSERT INTO albumcontent VALUES(15,4,7787);
INSERT INTO albumcontent VALUES(16,4,7806);
INSERT INTO albumcontent VALUES(17,4,7812);
INSERT INTO albumcontent VALUES(18,4,7909);
INSERT INTO albumcontent VALUES(19,3,8177);
INSERT INTO albumcontent VALUES(20,2,8427);
INSERT INTO albumcontent VALUES(21,3,8700);
INSERT INTO albumcontent VALUES(22,4,8795);
INSERT INTO albumcontent VALUES(23,3,9000);
INSERT INTO albumcontent VALUES(24,4,9005);
INSERT INTO albumcontent VALUES(25,3,9051);
INSERT INTO albumcontent VALUES(26,4,9153);
INSERT INTO albumcontent VALUES(27,4,9191);
INSERT INTO albumcontent VALUES(28,3,9258);
INSERT INTO albumcontent VALUES(29,3,9244);
INSERT INTO albumcontent VALUES(30,3,9419);
INSERT INTO albumcontent VALUES(31,4,9630);
INSERT INTO albumcontent VALUES(32,4,9627);
INSERT INTO albumcontent VALUES(33,4,9731);
INSERT INTO albumcontent VALUES(34,4,9771);
INSERT INTO albumcontent VALUES(35,4,9750);
INSERT INTO albumcontent VALUES(36,4,9813);
INSERT INTO albumcontent VALUES(37,2,10152);
INSERT INTO albumcontent VALUES(38,4,10340);
INSERT INTO albumcontent VALUES(40,1,9950);
INSERT INTO albumcontent VALUES(52,3,7572);
INSERT INTO albumcontent VALUES(53,1,745);
INSERT INTO albumcontent VALUES(54,1,7210);
INSERT INTO albumcontent VALUES(55,1,7231);
INSERT INTO albumcontent VALUES(59,3,7574);
INSERT INTO albumcontent VALUES(60,3,7575);
INSERT INTO albumcontent VALUES(61,3,7576);
INSERT INTO albumcontent VALUES(62,3,7578);
INSERT INTO albumcontent VALUES(63,3,7579);
INSERT INTO albumcontent VALUES(64,3,7580);
INSERT INTO albumcontent VALUES(65,3,7581);
INSERT INTO albumcontent VALUES(66,3,7582);
INSERT INTO albumcontent VALUES(67,3,7583);
INSERT INTO albumcontent VALUES(68,3,7584);
INSERT INTO albumcontent VALUES(69,3,7585);
INSERT INTO albumcontent VALUES(70,3,7586);
INSERT INTO albumcontent VALUES(71,3,7587);
INSERT INTO albumcontent VALUES(72,3,7588);
INSERT INTO albumcontent VALUES(73,3,7590);
INSERT INTO albumcontent VALUES(74,3,7591);
INSERT INTO albumcontent VALUES(75,3,7592);
INSERT INTO albumcontent VALUES(76,4,7906);
INSERT INTO albumcontent VALUES(77,4,7907);
INSERT INTO albumcontent VALUES(78,4,7908);
INSERT INTO albumcontent VALUES(79,4,7910);
INSERT INTO albumcontent VALUES(80,4,7912);
INSERT INTO albumcontent VALUES(81,4,7913);
INSERT INTO albumcontent VALUES(82,4,7914);
INSERT INTO albumcontent VALUES(83,4,7915);
INSERT INTO albumcontent VALUES(84,4,7916);
INSERT INTO albumcontent VALUES(85,4,7917);
INSERT INTO albumcontent VALUES(86,4,7918);
INSERT INTO albumcontent VALUES(87,4,7919);
INSERT INTO albumcontent VALUES(88,4,7920);
INSERT INTO albumcontent VALUES(89,4,7921);
INSERT INTO albumcontent VALUES(90,4,753);
INSERT INTO albumcontent VALUES(91,4,754);
INSERT INTO albumcontent VALUES(94,4,779);
INSERT INTO albumcontent VALUES(102,2,36860);
INSERT INTO albumcontent VALUES(104,5,34918);
INSERT INTO albumcontent VALUES(105,5,35002);
INSERT INTO albumcontent VALUES(106,5,31938);
INSERT INTO albumcontent VALUES(107,5,27110);
INSERT INTO albumcontent VALUES(109,5,36938);
INSERT INTO albumcontent VALUES(111,5,36442);
INSERT INTO albumcontent VALUES(112,5,36524);
INSERT INTO albumcontent VALUES(113,5,36288);
INSERT INTO albumcontent VALUES(116,5,34929);
INSERT INTO albumcontent VALUES(118,5,36267);
INSERT INTO albumcontent VALUES(119,5,34926);
INSERT INTO albumcontent VALUES(121,5,34898);
INSERT INTO albumcontent VALUES(122,5,35345);
INSERT INTO albumcontent VALUES(124,5,35379);
INSERT INTO albumcontent VALUES(125,5,35376);
INSERT INTO albumcontent VALUES(126,5,34995);
INSERT INTO albumcontent VALUES(127,5,34914);
INSERT INTO albumcontent VALUES(128,5,36542);
INSERT INTO albumcontent VALUES(129,1,36983);
INSERT INTO albumcontent VALUES(130,4,8020);
INSERT INTO albumcontent VALUES(135,1,36769);
INSERT INTO albumcontent VALUES(136,1,36780);

INSERT INTO visits VALUES (1, 7152,  '2013-01-01', 'rabies shot');
INSERT INTO visits VALUES (2, 10137, '2013-01-02', 'rabies shot');
INSERT INTO visits VALUES (3, 7573,  '2013-01-03', 'neutered');
INSERT INTO visits VALUES (4, 12059, '2013-01-04', 'spayed');
